-- MySQL dump 10.13  Distrib 5.7.25, for Linux (x86_64)
--
-- Host: localhost    Database: tumblr
-- ------------------------------------------------------
-- Server version	5.7.25-0ubuntu0.16.04.2

/*!40101 SET @OLD_CHARACTER_SET_CLIENT=@@CHARACTER_SET_CLIENT */;
/*!40101 SET @OLD_CHARACTER_SET_RESULTS=@@CHARACTER_SET_RESULTS */;
/*!40101 SET @OLD_COLLATION_CONNECTION=@@COLLATION_CONNECTION */;
/*!40101 SET NAMES utf8 */;
/*!40103 SET @OLD_TIME_ZONE=@@TIME_ZONE */;
/*!40103 SET TIME_ZONE='+00:00' */;
/*!40014 SET @OLD_UNIQUE_CHECKS=@@UNIQUE_CHECKS, UNIQUE_CHECKS=0 */;
/*!40014 SET @OLD_FOREIGN_KEY_CHECKS=@@FOREIGN_KEY_CHECKS, FOREIGN_KEY_CHECKS=0 */;
/*!40101 SET @OLD_SQL_MODE=@@SQL_MODE, SQL_MODE='NO_AUTO_VALUE_ON_ZERO' */;
/*!40111 SET @OLD_SQL_NOTES=@@SQL_NOTES, SQL_NOTES=0 */;

--
-- Table structure for table `Blog`
--

DROP TABLE IF EXISTS `Blog`;
/*!40101 SET @saved_cs_client     = @@character_set_client */;
/*!40101 SET character_set_client = utf8 */;
CREATE TABLE `Blog` (
  `Id` int(11) NOT NULL AUTO_INCREMENT,
  `Name` varchar(150) NOT NULL,
  `Number_of_likes` int(11) NOT NULL,
  PRIMARY KEY (`Id`)
) ENGINE=InnoDB AUTO_INCREMENT=4 DEFAULT CHARSET=latin1;
/*!40101 SET character_set_client = @saved_cs_client */;

--
-- Dumping data for table `Blog`
--

LOCK TABLES `Blog` WRITE;
/*!40000 ALTER TABLE `Blog` DISABLE KEYS */;
INSERT INTO `Blog` VALUES (1,'Animals',1),(2,'Sports',3),(3,'School',1);
/*!40000 ALTER TABLE `Blog` ENABLE KEYS */;
UNLOCK TABLES;

--
-- Table structure for table `BlogPost`
--

DROP TABLE IF EXISTS `BlogPost`;
/*!40101 SET @saved_cs_client     = @@character_set_client */;
/*!40101 SET character_set_client = utf8 */;
CREATE TABLE `BlogPost` (
  `Id` int(11) NOT NULL AUTO_INCREMENT,
  `Name` varchar(150) NOT NULL,
  `Blog_id` int(11) NOT NULL,
  PRIMARY KEY (`Id`),
  KEY `Blog_id` (`Blog_id`),
  CONSTRAINT `BlogPost_ibfk_1` FOREIGN KEY (`Blog_id`) REFERENCES `Blog` (`Id`)
) ENGINE=InnoDB AUTO_INCREMENT=5 DEFAULT CHARSET=latin1;
/*!40101 SET character_set_client = @saved_cs_client */;

--
-- Dumping data for table `BlogPost`
--

LOCK TABLES `BlogPost` WRITE;
/*!40000 ALTER TABLE `BlogPost` DISABLE KEYS */;
INSERT INTO `BlogPost` VALUES (1,'Lion',1),(2,'Football',2),(3,'Monkey',1),(4,'Math',3);
/*!40000 ALTER TABLE `BlogPost` ENABLE KEYS */;
UNLOCK TABLES;

--
-- Table structure for table `Likes`
--

DROP TABLE IF EXISTS `Likes`;
/*!40101 SET @saved_cs_client     = @@character_set_client */;
/*!40101 SET character_set_client = utf8 */;
CREATE TABLE `Likes` (
  `Id` int(11) NOT NULL AUTO_INCREMENT,
  `User_id` int(11) NOT NULL,
  `Blog_post_id` int(11) NOT NULL,
  PRIMARY KEY (`Id`),
  KEY `User_id` (`User_id`),
  KEY `Blog_post_id` (`Blog_post_id`),
  CONSTRAINT `Likes_ibfk_1` FOREIGN KEY (`User_id`) REFERENCES `User` (`Id`),
  CONSTRAINT `Likes_ibfk_2` FOREIGN KEY (`Blog_post_id`) REFERENCES `BlogPost` (`Id`)
) ENGINE=InnoDB AUTO_INCREMENT=6 DEFAULT CHARSET=latin1;
/*!40101 SET character_set_client = @saved_cs_client */;

--
-- Dumping data for table `Likes`
--

LOCK TABLES `Likes` WRITE;
/*!40000 ALTER TABLE `Likes` DISABLE KEYS */;
INSERT INTO `Likes` VALUES (1,3,1),(2,2,2),(3,1,3),(4,3,2),(5,1,1);
/*!40000 ALTER TABLE `Likes` ENABLE KEYS */;
UNLOCK TABLES;

--
-- Table structure for table `User`
--

DROP TABLE IF EXISTS `User`;
/*!40101 SET @saved_cs_client     = @@character_set_client */;
/*!40101 SET character_set_client = utf8 */;
CREATE TABLE `User` (
  `Id` int(11) NOT NULL AUTO_INCREMENT,
  `Name` varchar(150) NOT NULL,
  PRIMARY KEY (`Id`)
) ENGINE=InnoDB AUTO_INCREMENT=4 DEFAULT CHARSET=latin1;
/*!40101 SET character_set_client = @saved_cs_client */;

--
-- Dumping data for table `User`
--

LOCK TABLES `User` WRITE;
/*!40000 ALTER TABLE `User` DISABLE KEYS */;
INSERT INTO `User` VALUES (1,'Pesho'),(2,'Dani'),(3,'Toshko');
/*!40000 ALTER TABLE `User` ENABLE KEYS */;
UNLOCK TABLES;
/*!40103 SET TIME_ZONE=@OLD_TIME_ZONE */;

/*!40101 SET SQL_MODE=@OLD_SQL_MODE */;
/*!40014 SET FOREIGN_KEY_CHECKS=@OLD_FOREIGN_KEY_CHECKS */;
/*!40014 SET UNIQUE_CHECKS=@OLD_UNIQUE_CHECKS */;
/*!40101 SET CHARACTER_SET_CLIENT=@OLD_CHARACTER_SET_CLIENT */;
/*!40101 SET CHARACTER_SET_RESULTS=@OLD_CHARACTER_SET_RESULTS */;
/*!40101 SET COLLATION_CONNECTION=@OLD_COLLATION_CONNECTION */;
/*!40111 SET SQL_NOTES=@OLD_SQL_NOTES */;

-- Dump completed on 2019-04-24 13:24:07
