-- MySQL dump 10.13  Distrib 5.7.25, for Linux (x86_64)
--
-- Host: localhost    Database: Test
-- ------------------------------------------------------
-- Server version	5.7.25-0ubuntu0.16.04.2

/*!40101 SET @OLD_CHARACTER_SET_CLIENT=@@CHARACTER_SET_CLIENT */;
/*!40101 SET @OLD_CHARACTER_SET_RESULTS=@@CHARACTER_SET_RESULTS */;
/*!40101 SET @OLD_COLLATION_CONNECTION=@@COLLATION_CONNECTION */;
/*!40101 SET NAMES utf8 */;
/*!40103 SET @OLD_TIME_ZONE=@@TIME_ZONE */;
/*!40103 SET TIME_ZONE='+00:00' */;
/*!40014 SET @OLD_UNIQUE_CHECKS=@@UNIQUE_CHECKS, UNIQUE_CHECKS=0 */;
/*!40014 SET @OLD_FOREIGN_KEY_CHECKS=@@FOREIGN_KEY_CHECKS, FOREIGN_KEY_CHECKS=0 */;
/*!40101 SET @OLD_SQL_MODE=@@SQL_MODE, SQL_MODE='NO_AUTO_VALUE_ON_ZERO' */;
/*!40111 SET @OLD_SQL_NOTES=@@SQL_NOTES, SQL_NOTES=0 */;

--
-- Table structure for table `Battle`
--

DROP TABLE IF EXISTS `Battle`;
/*!40101 SET @saved_cs_client     = @@character_set_client */;
/*!40101 SET character_set_client = utf8 */;
CREATE TABLE `Battle` (
  `battleid` int(11) NOT NULL AUTO_INCREMENT,
  `battleWinnerid` int(11) NOT NULL,
  `battleLoserid` int(11) NOT NULL,
  PRIMARY KEY (`battleid`),
  KEY `battleWinnerid` (`battleWinnerid`),
  KEY `battleLoserid` (`battleLoserid`),
  CONSTRAINT `Battle_ibfk_1` FOREIGN KEY (`battleWinnerid`) REFERENCES `Person` (`personid`),
  CONSTRAINT `Battle_ibfk_2` FOREIGN KEY (`battleLoserid`) REFERENCES `Person` (`personid`)
) ENGINE=InnoDB AUTO_INCREMENT=5 DEFAULT CHARSET=latin1;
/*!40101 SET character_set_client = @saved_cs_client */;

--
-- Dumping data for table `Battle`
--

LOCK TABLES `Battle` WRITE;
/*!40000 ALTER TABLE `Battle` DISABLE KEYS */;
INSERT INTO `Battle` VALUES (1,1,5),(2,4,3),(3,5,6),(4,2,4);
/*!40000 ALTER TABLE `Battle` ENABLE KEYS */;
UNLOCK TABLES;
/*!50003 SET @saved_cs_client      = @@character_set_client */ ;
/*!50003 SET @saved_cs_results     = @@character_set_results */ ;
/*!50003 SET @saved_col_connection = @@collation_connection */ ;
/*!50003 SET character_set_client  = utf8 */ ;
/*!50003 SET character_set_results = utf8 */ ;
/*!50003 SET collation_connection  = utf8_general_ci */ ;
/*!50003 SET @saved_sql_mode       = @@sql_mode */ ;
/*!50003 SET sql_mode              = 'ONLY_FULL_GROUP_BY,STRICT_TRANS_TABLES,NO_ZERO_IN_DATE,NO_ZERO_DATE,ERROR_FOR_DIVISION_BY_ZERO,NO_ENGINE_SUBSTITUTION' */ ;
DELIMITER ;;
/*!50003 CREATE*/ /*!50017 DEFINER=`root`@`localhost`*/ /*!50003 TRIGGER wins_insert AFTER INSERT ON Battle 
FOR EACH ROW
BEGIN
	UPDATE House
	SET house_number_of_wins = house_number_of_wins +1
    WHERE houseid = (SELECT personHouseId FROM Person WHERE personid = NEW.battleWinnerid);
END */;;
DELIMITER ;
/*!50003 SET sql_mode              = @saved_sql_mode */ ;
/*!50003 SET character_set_client  = @saved_cs_client */ ;
/*!50003 SET character_set_results = @saved_cs_results */ ;
/*!50003 SET collation_connection  = @saved_col_connection */ ;
/*!50003 SET @saved_cs_client      = @@character_set_client */ ;
/*!50003 SET @saved_cs_results     = @@character_set_results */ ;
/*!50003 SET @saved_col_connection = @@collation_connection */ ;
/*!50003 SET character_set_client  = utf8 */ ;
/*!50003 SET character_set_results = utf8 */ ;
/*!50003 SET collation_connection  = utf8_general_ci */ ;
/*!50003 SET @saved_sql_mode       = @@sql_mode */ ;
/*!50003 SET sql_mode              = 'ONLY_FULL_GROUP_BY,STRICT_TRANS_TABLES,NO_ZERO_IN_DATE,NO_ZERO_DATE,ERROR_FOR_DIVISION_BY_ZERO,NO_ENGINE_SUBSTITUTION' */ ;
DELIMITER ;;
/*!50003 CREATE*/ /*!50017 DEFINER=`root`@`localhost`*/ /*!50003 TRIGGER wins_update AFTER UPDATE ON Battle
FOR EACH ROW
BEGIN
	UPDATE House
	SET house_number_of_wins = house_number_of_wins -1
	WHERE houseid = (SELECT personHouseId FROM Person WHERE personid = OLD.battleWinnerid);
    UPDATE House
    SET house_number_of_wins = house_number_of_wins +1
	WHERE houseid = (SELECT personHouseId FROM Person WHERE personid = NEW.battleWinnerid);
END */;;
DELIMITER ;
/*!50003 SET sql_mode              = @saved_sql_mode */ ;
/*!50003 SET character_set_client  = @saved_cs_client */ ;
/*!50003 SET character_set_results = @saved_cs_results */ ;
/*!50003 SET collation_connection  = @saved_col_connection */ ;
/*!50003 SET @saved_cs_client      = @@character_set_client */ ;
/*!50003 SET @saved_cs_results     = @@character_set_results */ ;
/*!50003 SET @saved_col_connection = @@collation_connection */ ;
/*!50003 SET character_set_client  = utf8 */ ;
/*!50003 SET character_set_results = utf8 */ ;
/*!50003 SET collation_connection  = utf8_general_ci */ ;
/*!50003 SET @saved_sql_mode       = @@sql_mode */ ;
/*!50003 SET sql_mode              = 'ONLY_FULL_GROUP_BY,STRICT_TRANS_TABLES,NO_ZERO_IN_DATE,NO_ZERO_DATE,ERROR_FOR_DIVISION_BY_ZERO,NO_ENGINE_SUBSTITUTION' */ ;
DELIMITER ;;
/*!50003 CREATE*/ /*!50017 DEFINER=`root`@`localhost`*/ /*!50003 TRIGGER wins_delete AFTER DELETE ON Battle
FOR EACH ROW
BEGIN
	UPDATE House
    SET house_number_of_wins = house_number_of_wins -1
    WHERE houseid = (SELECT personHouseId FROM Person WHERE personid = OLD.battleWinnerid);
END */;;
DELIMITER ;
/*!50003 SET sql_mode              = @saved_sql_mode */ ;
/*!50003 SET character_set_client  = @saved_cs_client */ ;
/*!50003 SET character_set_results = @saved_cs_results */ ;
/*!50003 SET collation_connection  = @saved_col_connection */ ;

--
-- Table structure for table `House`
--

DROP TABLE IF EXISTS `House`;
/*!40101 SET @saved_cs_client     = @@character_set_client */;
/*!40101 SET character_set_client = utf8 */;
CREATE TABLE `House` (
  `houseid` int(11) NOT NULL AUTO_INCREMENT,
  `housename` varchar(255) NOT NULL,
  `house_number_of_wins` int(11) NOT NULL DEFAULT '0',
  PRIMARY KEY (`houseid`)
) ENGINE=InnoDB AUTO_INCREMENT=4 DEFAULT CHARSET=latin1;
/*!40101 SET character_set_client = @saved_cs_client */;

--
-- Dumping data for table `House`
--

LOCK TABLES `House` WRITE;
/*!40000 ALTER TABLE `House` DISABLE KEYS */;
INSERT INTO `House` VALUES (1,'50cent',0),(2,'Eminem',0),(3,'MichaelJackson',0);
/*!40000 ALTER TABLE `House` ENABLE KEYS */;
UNLOCK TABLES;

--
-- Table structure for table `Person`
--

DROP TABLE IF EXISTS `Person`;
/*!40101 SET @saved_cs_client     = @@character_set_client */;
/*!40101 SET character_set_client = utf8 */;
CREATE TABLE `Person` (
  `personid` int(11) NOT NULL AUTO_INCREMENT,
  `personname` varchar(255) NOT NULL,
  `personHouseId` int(11) NOT NULL,
  PRIMARY KEY (`personid`),
  KEY `personHouseId` (`personHouseId`),
  CONSTRAINT `Person_ibfk_1` FOREIGN KEY (`personHouseId`) REFERENCES `House` (`houseid`)
) ENGINE=InnoDB AUTO_INCREMENT=7 DEFAULT CHARSET=latin1;
/*!40101 SET character_set_client = @saved_cs_client */;

--
-- Dumping data for table `Person`
--

LOCK TABLES `Person` WRITE;
/*!40000 ALTER TABLE `Person` DISABLE KEYS */;
INSERT INTO `Person` VALUES (1,'Pepe',1),(2,'Pepe2',1),(3,'Gogo',2),(4,'Gogo2',2),(5,'Toko',3),(6,'Toko2',3);
/*!40000 ALTER TABLE `Person` ENABLE KEYS */;
UNLOCK TABLES;

--
-- Dumping events for database 'Test'
--

--
-- Dumping routines for database 'Test'
--
/*!40103 SET TIME_ZONE=@OLD_TIME_ZONE */;

/*!40101 SET SQL_MODE=@OLD_SQL_MODE */;
/*!40014 SET FOREIGN_KEY_CHECKS=@OLD_FOREIGN_KEY_CHECKS */;
/*!40014 SET UNIQUE_CHECKS=@OLD_UNIQUE_CHECKS */;
/*!40101 SET CHARACTER_SET_CLIENT=@OLD_CHARACTER_SET_CLIENT */;
/*!40101 SET CHARACTER_SET_RESULTS=@OLD_CHARACTER_SET_RESULTS */;
/*!40101 SET COLLATION_CONNECTION=@OLD_COLLATION_CONNECTION */;
/*!40111 SET SQL_NOTES=@OLD_SQL_NOTES */;

-- Dump completed on 2019-04-17 14:03:24
